{"cameraMode":{"drawMode":0,"name":"Shaded","section":"Shading Mode"},"sceneLighting":true,"audioPlay":false,"sceneViewState":{"showFog":true,"showMaterialUpdate":false,"showSkybox":true,"showFlares":true,"showImageEffects":true,"showParticleSystems":true},"in2DMode":false,"pivot":{"x":-3.940000057220459,"y":546.1298828125,"z":-3648.14013671875},"rotation":{"x":0.22717811167240144,"y":0.07150032371282578,"z":-0.01672697812318802,"w":0.9710808992385864},"size":2.8578836917877199,"orthographic":false}